id,Degree,Year,Semester,Course,Regime,Language,Type,Duration,Professor,Class_Group,Value,duration,priority
654,LEM,1,1,APROG,D,PT,PL,2,JSM,1DA,1.0,2,1
656,LEM,1,1,APROG,D,PT,PL,2,JSM,1DC,1.0,2,1
658,LEM,1,1,APROG,D,PT,PL,2,JSM,1DE,1.0,2,1
660,LEM,1,1,APROG,D,PT,PL,2,JSM,1DG,1.0,2,1
662,LEM,1,1,APROG,D,PT,PL,2,JSM,1DI,1.0,2,1
736,LEM,1,1,FSIAP,D,PT,TP,2,MPA,1DF,1.0,2,1
741,LEM,1,1,FSIAP,D,PT,TP,2,MPA,1DK,1.0,2,1
802,LEM,1,1,FSIAP,N,PT,TP,2,MPA,1NC,1.0,2,1
1073,LEM,3,1,ORMAQ,D,PT,TP,2,AJC,3DB,1.0,2,1
1081,LEM,3,1,ORMAQ,D,PT,TP,2,AJC,3DJ_E,1.0,2,1
1102,LEM,3,1,PFAB2,D,PT,TP,2,RPM,3DA,1.0,2,1
1103,LEM,3,1,PFAB2,D,PT,TP,2,RPM,3DB,1.0,2,1
1104,LEM,3,1,PFAB2,D,PT,TP,2,RPM,3DC,1.0,2,1
1106,LEM,3,1,PFAB2,D,PT,TP,2,RPM,3DE,1.0,2,1
1107,LEM,3,1,PFAB2,D,PT,TP,2,RPM,3DF,1.0,2,1
1145,LEM,3,1,TRFCA-M,D,PT,TP,2,LOC,3DD,1.0,2,1
1165,LEM,3,1,ORGI1,N,PT,TP,2,VEC,3NB,1.0,2,1
132,LEM,1,1,FSIAP,D,PT,T,1,MPA,1DK,1.0,1,1
167,LEM,1,1,ALGAN,N,PT,T,1,MGM,1NB,1.0,1,1
169,LEM,1,1,ALGAN,N,PT,T,1,MGM,1NA,1.0,1,1
170,LEM,1,1,ALGAN,N,PT,T,1,MGM,1NB,1.0,1,1
171,LEM,1,1,ALGAN,N,PT,T,1,MGM,1NC,1.0,1,1
179,LEM,1,1,APROG,N,PT,T,1,JSM,1NB,1.0,1,1
573,LEM,3,1,ORMAQ,N,PT,T,1,AJC,3NB,1.0,1,1
590,LEM,3,1,TRFCA-M,N,PT,T,1,FAC,3NA,1.0,1,1
593,LEM,3,1,TRFCA-M,N,PT,T,1,FAC,3NA,1.0,1,1
599,LEM,1,1,ALGAN,D,PT,T,1,MGM,1DA,1.0,1,1
600,LEM,1,1,ALGAN,D,PT,T,1,MGM,1DB,1.0,1,1
601,LEM,1,1,ALGAN,D,PT,T,1,MGM,1DC,1.0,1,1
602,LEM,1,1,ALGAN,D,PT,T,1,MGM,1DD,1.0,1,1
603,LEM,1,1,ALGAN,D,PT,T,1,MGM,1DE,1.0,1,1
604,LEM,1,1,ALGAN,D,PT,T,1,MGM,1DF,1.0,1,1
605,LEM,1,1,ALGAN,D,PT,T,1,MGM,1DG,1.0,1,1
606,LEM,1,1,ALGAN,D,PT,T,1,MGM,1DH,1.0,1,1
607,LEM,1,1,ALGAN,D,PT,T,1,MGM,1DI,1.0,1,1
608,LEM,1,1,ALGAN,D,PT,T,1,MGM,1DJ,1.0,1,1
609,LEM,1,1,ALGAN,D,PT,T,1,MGM,1DK,1.0,1,1
610,LEM,1,1,ALGAN,D,PT,T,1,MGM,1DA,1.0,1,1
611,LEM,1,1,ALGAN,D,PT,T,1,MGM,1DB,1.0,1,1
612,LEM,1,1,ALGAN,D,PT,T,1,MGM,1DC,1.0,1,1
613,LEM,1,1,ALGAN,D,PT,T,1,MGM,1DD,1.0,1,1
614,LEM,1,1,ALGAN,D,PT,T,1,MGM,1DE,1.0,1,1
615,LEM,1,1,ALGAN,D,PT,T,1,MGM,1DF,1.0,1,1
616,LEM,1,1,ALGAN,D,PT,T,1,MGM,1DG,1.0,1,1
617,LEM,1,1,ALGAN,D,PT,T,1,MGM,1DH,1.0,1,1
618,LEM,1,1,ALGAN,D,PT,T,1,MGM,1DI,1.0,1,1
619,LEM,1,1,ALGAN,D,PT,T,1,MGM,1DJ,1.0,1,1
620,LEM,1,1,ALGAN,D,PT,T,1,MGM,1DK,1.0,1,1
635,LEM,1,1,APROG,D,PT,T,1,JSM,1DD,1.0,1,1
636,LEM,1,1,APROG,D,PT,T,1,JSM,1DE,1.0,1,1
637,LEM,1,1,APROG,D,PT,T,1,JSM,1DF,1.0,1,1
638,LEM,1,1,APROG,D,PT,T,1,JSM,1DG,1.0,1,1
639,LEM,1,1,APROG,D,PT,T,1,JSM,1DH,1.0,1,1
640,LEM,1,1,APROG,D,PT,T,1,JSM,1DI,1.0,1,1
641,LEM,1,1,APROG,D,PT,T,1,JSM,1DJ,1.0,1,1
642,LEM,1,1,APROG,D,PT,T,1,JSM,1DK,1.0,1,1
643,LEM,1,1,APROG,D,PT,T,1,JSM,1DA,1.0,1,1
644,LEM,1,1,APROG,D,PT,T,1,JSM,1DB,1.0,1,1
645,LEM,1,1,APROG,D,PT,T,1,JSM,1DC,1.0,1,1
646,LEM,1,1,APROG,D,PT,T,1,JSM,1DD,1.0,1,1
647,LEM,1,1,APROG,D,PT,T,1,JSM,1DE,1.0,1,1
648,LEM,1,1,APROG,D,PT,T,1,JSM,1DF,1.0,1,1
649,LEM,1,1,APROG,D,PT,T,1,JSM,1DG,1.0,1,1
650,LEM,1,1,APROG,D,PT,T,1,JSM,1DH,1.0,1,1
651,LEM,1,1,APROG,D,PT,T,1,JSM,1DI,1.0,1,1
652,LEM,1,1,APROG,D,PT,T,1,JSM,1DJ,1.0,1,1
653,LEM,1,1,APROG,D,PT,T,1,JSM,1DK,1.0,1,1
668,LEM,1,1,CMATE,D,PT,T,1,RBC,1DD,1.0,1,1
669,LEM,1,1,CMATE,D,PT,T,1,RBC,1DE,1.0,1,1
671,LEM,1,1,CMATE,D,PT,T,1,RBC,1DG,1.0,1,1
672,LEM,1,1,CMATE,D,PT,T,1,RBC,1DH,1.0,1,1
673,LEM,1,1,CMATE,D,PT,T,1,RBC,1DI,1.0,1,1
674,LEM,1,1,CMATE,D,PT,T,1,RBC,1DJ,1.0,1,1
675,LEM,1,1,CMATE,D,PT,T,1,RBC,1DK,1.0,1,1
676,LEM,1,1,CMATE,D,PT,T,1,RBC,1DA,1.0,1,1
677,LEM,1,1,CMATE,D,PT,T,1,RBC,1DB,1.0,1,1
678,LEM,1,1,CMATE,D,PT,T,1,RBC,1DC,1.0,1,1
679,LEM,1,1,CMATE,D,PT,T,1,RBC,1DD,1.0,1,1
680,LEM,1,1,CMATE,D,PT,T,1,RBC,1DE,1.0,1,1
681,LEM,1,1,CMATE,D,PT,T,1,RBC,1DF,1.0,1,1
682,LEM,1,1,CMATE,D,PT,T,1,RBC,1DG,1.0,1,1
683,LEM,1,1,CMATE,D,PT,T,1,RBC,1DH,1.0,1,1
684,LEM,1,1,CMATE,D,PT,T,1,RBC,1DI,1.0,1,1
685,LEM,1,1,CMATE,D,PT,T,1,RBC,1DJ,1.0,1,1
686,LEM,1,1,CMATE,D,PT,T,1,RBC,1DK,1.0,1,1
720,LEM,1,1,FSIAP,D,PT,T,1,MPA,1DA,1.0,1,1
721,LEM,1,1,FSIAP,D,PT,T,1,MPA,1DB,1.0,1,1
722,LEM,1,1,FSIAP,D,PT,T,1,MPA,1DC,1.0,1,1
723,LEM,1,1,FSIAP,D,PT,T,1,MPA,1DD,1.0,1,1
724,LEM,1,1,FSIAP,D,PT,T,1,MPA,1DE,1.0,1,1
725,LEM,1,1,FSIAP,D,PT,T,1,MPA,1DF,1.0,1,1
726,LEM,1,1,FSIAP,D,PT,T,1,MPA,1DG,1.0,1,1
727,LEM,1,1,FSIAP,D,PT,T,1,MPA,1DH,1.0,1,1
728,LEM,1,1,FSIAP,D,PT,T,1,MPA,1DI,1.0,1,1
729,LEM,1,1,FSIAP,D,PT,T,1,MPA,1DJ,1.0,1,1
730,LEM,1,1,FSIAP,D,PT,T,1,MPA,1DK,1.0,1,1
764,LEM,1,1,ALGAN,N,PT,T,1,MGM,1NA,1.0,1,1
765,LEM,1,1,ALGAN,N,PT,T,1,MGM,1NB,1.0,1,1
766,LEM,1,1,ALGAN,N,PT,T,1,MGM,1NC,1.0,1,1
767,LEM,1,1,ALGAN,N,PT,T,1,MGM,1NA,1.0,1,1
768,LEM,1,1,ALGAN,N,PT,T,1,MGM,1NB,1.0,1,1
769,LEM,1,1,ALGAN,N,PT,T,1,MGM,1NC,1.0,1,1
773,LEM,1,1,APROG,N,PT,T,1,JSM,1NA,1.0,1,1
774,LEM,1,1,APROG,N,PT,T,1,JSM,1NB,1.0,1,1
775,LEM,1,1,APROG,N,PT,T,1,JSM,1NC,1.0,1,1
776,LEM,1,1,APROG,N,PT,T,1,JSM,1NA,1.0,1,1
777,LEM,1,1,APROG,N,PT,T,1,JSM,1NB,1.0,1,1
778,LEM,1,1,APROG,N,PT,T,1,JSM,1NC,1.0,1,1
782,LEM,1,1,CMATE,N,PT,T,1,RBC,1NA,1.0,1,1
783,LEM,1,1,CMATE,N,PT,T,1,RBC,1NB,1.0,1,1
784,LEM,1,1,CMATE,N,PT,T,1,RBC,1NC,1.0,1,1
785,LEM,1,1,CMATE,N,PT,T,1,RBC,1NA,1.0,1,1
786,LEM,1,1,CMATE,N,PT,T,1,RBC,1NB,1.0,1,1
787,LEM,1,1,CMATE,N,PT,T,1,RBC,1NC,1.0,1,1
797,LEM,1,1,FSIAP,N,PT,T,1,MPA,1NA,1.0,1,1
798,LEM,1,1,FSIAP,N,PT,T,1,MPA,1NB,1.0,1,1
799,LEM,1,1,FSIAP,N,PT,T,1,MPA,1NC,1.0,1,1
1015,LEM,3,1,AUTO1,D,PT,T,1,AFS,3DC,1.0,1,1
1020,LEM,3,1,AUTO1,D,PT,T,1,AFS,3DH,1.0,1,1
1021,LEM,3,1,AUTO1,D,PT,T,1,AFS,3DI,1.0,1,1
1054,LEM,3,1,ORMAQ,D,PT,T,1,AJC,3DC,1.0,1,1
1055,LEM,3,1,ORMAQ,D,PT,T,1,AJC,3DD,1.0,1,1
1056,LEM,3,1,ORMAQ,D,PT,T,1,AJC,3DE,1.0,1,1
1057,LEM,3,1,ORMAQ,D,PT,T,1,AJC,3DF,1.0,1,1
1058,LEM,3,1,ORMAQ,D,PT,T,1,AJC,3DG,1.0,1,1
1059,LEM,3,1,ORMAQ,D,PT,T,1,AJC,3DH,1.0,1,1
1060,LEM,3,1,ORMAQ,D,PT,T,1,AJC,3DI,1.0,1,1
1061,LEM,3,1,ORMAQ,D,PT,T,1,AJC,3DA,1.0,1,1
1062,LEM,3,1,ORMAQ,D,PT,T,1,AJC,3DB,1.0,1,1
1063,LEM,3,1,ORMAQ,D,PT,T,1,AJC,3DC,1.0,1,1
1064,LEM,3,1,ORMAQ,D,PT,T,1,AJC,3DD,1.0,1,1
1065,LEM,3,1,ORMAQ,D,PT,T,1,AJC,3DE,1.0,1,1
1066,LEM,3,1,ORMAQ,D,PT,T,1,AJC,3DF,1.0,1,1
1067,LEM,3,1,ORMAQ,D,PT,T,1,AJC,3DG,1.0,1,1
1068,LEM,3,1,ORMAQ,D,PT,T,1,AJC,3DH,1.0,1,1
1069,LEM,3,1,ORMAQ,D,PT,T,1,AJC,3DI,1.0,1,1
1070,LEM,3,1,ORMAQ,D,EN,T,1,AJC,3DJ_E,1.0,1,1
1071,LEM,3,1,ORMAQ,D,EN,T,1,AJC,3DJ_E,1.0,1,1
1085,LEM,3,1,PFAB2,D,PT,T,1,LLM,3DD,1.0,1,1
1087,LEM,3,1,PFAB2,D,PT,T,1,LLM,3DF,1.0,1,1
1088,LEM,3,1,PFAB2,D,PT,T,1,LLM,3DG,1.0,1,1
1090,LEM,3,1,PFAB2,D,PT,T,1,LLM,3DI,1.0,1,1
1091,LEM,3,1,PFAB2,D,PT,T,1,LLM,3DA,1.0,1,1
1092,LEM,3,1,PFAB2,D,PT,T,1,LLM,3DB,1.0,1,1
1093,LEM,3,1,PFAB2,D,PT,T,1,LLM,3DC,1.0,1,1
1094,LEM,3,1,PFAB2,D,PT,T,1,LLM,3DD,1.0,1,1
1095,LEM,3,1,PFAB2,D,PT,T,1,LLM,3DE,1.0,1,1
1096,LEM,3,1,PFAB2,D,PT,T,1,LLM,3DF,1.0,1,1
1097,LEM,3,1,PFAB2,D,PT,T,1,LLM,3DG,1.0,1,1
1098,LEM,3,1,PFAB2,D,PT,T,1,LLM,3DH,1.0,1,1
1099,LEM,3,1,PFAB2,D,PT,T,1,LLM,3DI,1.0,1,1
1100,LEM,3,1,PFAB2,D,EN,T,1,LLM,3DJ_E,1.0,1,1
1101,LEM,3,1,PFAB2,D,EN,T,1,LLM,3DJ_E,1.0,1,1
1122,LEM,3,1,TRFCA-M,D,PT,T,1,FAC,3DA,1.0,1,1
1123,LEM,3,1,TRFCA-M,D,PT,T,1,FAC,3DB,1.0,1,1
1124,LEM,3,1,TRFCA-M,D,PT,T,1,FAC,3DC,1.0,1,1
1125,LEM,3,1,TRFCA-M,D,PT,T,1,FAC,3DD,1.0,1,1
1126,LEM,3,1,TRFCA-M,D,PT,T,1,FAC,3DE,1.0,1,1
1127,LEM,3,1,TRFCA-M,D,PT,T,1,FAC,3DF,1.0,1,1
1128,LEM,3,1,TRFCA-M,D,PT,T,1,FAC,3DG,1.0,1,1
1129,LEM,3,1,TRFCA-M,D,PT,T,1,FAC,3DH,1.0,1,1
1130,LEM,3,1,TRFCA-M,D,PT,T,1,FAC,3DI,1.0,1,1
1131,LEM,3,1,TRFCA-M,D,PT,T,1,FAC,3DA,1.0,1,1
1132,LEM,3,1,TRFCA-M,D,PT,T,1,FAC,3DB,1.0,1,1
1133,LEM,3,1,TRFCA-M,D,PT,T,1,FAC,3DC,1.0,1,1
1134,LEM,3,1,TRFCA-M,D,PT,T,1,FAC,3DD,1.0,1,1
1135,LEM,3,1,TRFCA-M,D,PT,T,1,FAC,3DE,1.0,1,1
1136,LEM,3,1,TRFCA-M,D,PT,T,1,FAC,3DF,1.0,1,1
1137,LEM,3,1,TRFCA-M,D,PT,T,1,FAC,3DG,1.0,1,1
1138,LEM,3,1,TRFCA-M,D,PT,T,1,FAC,3DH,1.0,1,1
1139,LEM,3,1,TRFCA-M,D,PT,T,1,FAC,3DI,1.0,1,1
1140,LEM,3,1,TRFCA-M,D,EN,T,1,FAC,3DJ_E,1.0,1,1
1141,LEM,3,1,TRFCA-M,D,EN,T,1,FAC,3DJ_E,1.0,1,1
1152,LEM,3,1,AUTO1,N,PT,T,1,AFS,3NA,1.0,1,1
1154,LEM,3,1,AUTO1,N,PT,T,1,AFS,3NC,1.0,1,1
1155,LEM,3,1,AUTO1,N,PT,T,1,AFS,3NA,1.0,1,1
1156,LEM,3,1,AUTO1,N,PT,T,1,AFS,3NB,1.0,1,1
1157,LEM,3,1,AUTO1,N,PT,T,1,AFS,3NC,1.0,1,1
1168,LEM,3,1,ORMAQ,N,PT,T,1,AJC,3NB,1.0,1,1
1169,LEM,3,1,ORMAQ,N,PT,T,1,AJC,3NC,1.0,1,1
1170,LEM,3,1,ORMAQ,N,PT,T,1,AJC,3NA,1.0,1,1
1171,LEM,3,1,ORMAQ,N,PT,T,1,AJC,3NB,1.0,1,1
1172,LEM,3,1,ORMAQ,N,PT,T,1,AJC,3NC,1.0,1,1
1176,LEM,3,1,PFAB2,N,PT,T,1,LLM,3NA,1.0,1,1
1177,LEM,3,1,PFAB2,N,PT,T,1,LLM,3NB,1.0,1,1
1178,LEM,3,1,PFAB2,N,PT,T,1,LLM,3NC,1.0,1,1
1179,LEM,3,1,PFAB2,N,PT,T,1,LLM,3NA,1.0,1,1
1180,LEM,3,1,PFAB2,N,PT,T,1,LLM,3NB,1.0,1,1
1181,LEM,3,1,PFAB2,N,PT,T,1,LLM,3NC,1.0,1,1
1188,LEM,3,1,TRFCA-M,N,PT,T,1,FAC,3NA,1.0,1,1
1189,LEM,3,1,TRFCA-M,N,PT,T,1,FAC,3NB,1.0,1,1
1190,LEM,3,1,TRFCA-M,N,PT,T,1,FAC,3NC,1.0,1,1
1191,LEM,3,1,TRFCA-M,N,PT,T,1,FAC,3NA,1.0,1,1
1192,LEM,3,1,TRFCA-M,N,PT,T,1,FAC,3NB,1.0,1,1
1193,LEM,3,1,TRFCA-M,N,PT,T,1,FAC,3NC,1.0,1,1
258,LEM,2,1,MATE2,D,PT,TP,2,MGM,2DC,1.0,2,2
261,LEM,2,1,MATE2,D,PT,TP,2,MGM,2DF,1.0,2,2
262,LEM,2,1,MATE2,D,PT,TP,2,MGM,2DG,1.0,2,2
345,LEM,2,1,TERMO,D,PT,TP,2,PAA,2DI,1.0,2,2
369,LEM,2,1,MATE2,N,PT,TP,2,EPF,2ND,1.0,2,2
380,LEM,2,1,MECA2,N,PT,TP,2,HDA,2NC,1.0,2,2
381,LEM,2,1,MECA2,N,PT,TP,2,HDA,2ND,1.0,2,2
391,LEM,2,1,MTNMT,N,PT,TP,2,PUR,2NB,1.0,2,2
392,LEM,2,1,MTNMT,N,PT,TP,2,PUR,2NC,1.0,2,2
393,LEM,2,1,MTNMT,N,PT,TP,2,PUR,2ND,1.0,2,2
402,LEM,2,1,TERMO,N,PT,TP,2,PAA,2NA,1.0,2,2
403,LEM,2,1,TERMO,N,PT,TP,2,PAA,2NB,1.0,2,2
404,LEM,2,1,TERMO,N,PT,TP,2,ARJ,2NC,1.0,2,2
405,LEM,2,1,TERMO,N,PT,TP,2,ARJ,2ND,1.0,2,2
830,LEM,2,1,EMELE,D,PT,PL,2,ATA,2DD,1.0,2,2
831,LEM,2,1,EMELE,D,PT,PL,2,PMA,2DE,1.0,2,2
832,LEM,2,1,EMELE,D,PT,PL,2,PMA,2DF,1.0,2,2
833,LEM,2,1,EMELE,D,PT,PL,2,PMA,2DG,1.0,2,2
834,LEM,2,1,EMELE,D,PT,PL,2,PMA,2DH,1.0,2,2
835,LEM,2,1,EMELE,D,PT,PL,2,PMA,2DI,1.0,2,2
855,LEM,2,1,MATE2,D,PT,TP,2,ASB,2DB,1.0,2,2
856,LEM,2,1,MATE2,D,PT,TP,2,MGM,2DC,1.0,2,2
857,LEM,2,1,MATE2,D,PT,TP,2,ASB,2DD,1.0,2,2
858,LEM,2,1,MATE2,D,PT,TP,2,EPF,2DE,1.0,2,2
859,LEM,2,1,MATE2,D,PT,TP,2,MGM,2DF,1.0,2,2
860,LEM,2,1,MATE2,D,PT,TP,2,MGM,2DG,1.0,2,2
861,LEM,2,1,MATE2,D,PT,TP,2,EPF,2DH,1.0,2,2
862,LEM,2,1,MATE2,D,PT,TP,2,EPF,2DI,1.0,2,2
881,LEM,2,1,MECA2,D,PT,TP,2,HML,2DA,1.0,2,2
883,LEM,2,1,MECA2,D,PT,TP,2,HML,2DC,1.0,2,2
885,LEM,2,1,MECA2,D,PT,TP,2,JOB,2DE,1.0,2,2
886,LEM,2,1,MECA2,D,PT,TP,2,JFJ,2DF,1.0,2,2
887,LEM,2,1,MECA2,D,PT,TP,2,HML,2DG,1.0,2,2
888,LEM,2,1,MECA2,D,PT,TP,2,JSD,2DH,1.0,2,2
889,LEM,2,1,MECA2,D,PT,TP,2,JFJ,2DI,1.0,2,2
908,LEM,2,1,MTNMT,D,PT,TP,2,AGM,2DA,1.0,2,2
909,LEM,2,1,MTNMT,D,PT,TP,2,PUR,2DB,1.0,2,2
910,LEM,2,1,MTNMT,D,PT,TP,2,AGM,2DC,1.0,2,2
911,LEM,2,1,MTNMT,D,PT,TP,2,PUR,2DD,1.0,2,2
912,LEM,2,1,MTNMT,D,PT,TP,2,AGM,2DE,1.0,2,2
913,LEM,2,1,MTNMT,D,PT,TP,2,AGM,2DF,1.0,2,2
914,LEM,2,1,MTNMT,D,PT,TP,2,JFS,2DG,1.0,2,2
915,LEM,2,1,MTNMT,D,PT,TP,2,AGM,2DH,1.0,2,2
916,LEM,2,1,MTNMT,D,PT,TP,2,AGM,2DI,1.0,2,2
935,LEM,2,1,TERMO,D,PT,TP,2,PAA,2DA,1.0,2,2
936,LEM,2,1,TERMO,D,PT,TP,2,PAA,2DB,1.0,2,2
937,LEM,2,1,TERMO,D,PT,TP,2,ARJ,2DC,1.0,2,2
938,LEM,2,1,TERMO,D,PT,TP,2,PAA,2DD,1.0,2,2
939,LEM,2,1,TERMO,D,PT,TP,2,ARJ,2DE,1.0,2,2
940,LEM,2,1,TERMO,D,PT,TP,2,PAA,2DF,1.0,2,2
941,LEM,2,1,TERMO,D,PT,TP,2,RFR,2DG,1.0,2,2
942,LEM,2,1,TERMO,D,PT,TP,2,PAA,2DH,1.0,2,2
943,LEM,2,1,TERMO,D,PT,TP,2,PAA,2DI,1.0,2,2
952,LEM,2,1,EMELE,N,PT,PL,2,ATA,2NA,1.0,2,2
953,LEM,2,1,EMELE,N,PT,PL,2,ATA,2NB,1.0,2,2
954,LEM,2,1,EMELE,N,PT,PL,2,PMA,2NC,1.0,2,2
955,LEM,2,1,EMELE,N,PT,PL,2,PMA,2ND,1.0,2,2
964,LEM,2,1,MATE2,N,PT,TP,2,ASB,2NA,1.0,2,2
965,LEM,2,1,MATE2,N,PT,TP,2,EPF,2NB,1.0,2,2
966,LEM,2,1,MATE2,N,PT,TP,2,EPF,2NC,1.0,2,2
967,LEM,2,1,MATE2,N,PT,TP,2,EPF,2ND,1.0,2,2
976,LEM,2,1,MECA2,N,PT,TP,2,HDA,2NA,1.0,2,2
977,LEM,2,1,MECA2,N,PT,TP,2,ADP,2NB,1.0,2,2
978,LEM,2,1,MECA2,N,PT,TP,2,HDA,2NC,1.0,2,2
979,LEM,2,1,MECA2,N,PT,TP,2,HDA,2ND,1.0,2,2
988,LEM,2,1,MTNMT,N,PT,TP,2,PUR,2NA,1.0,2,2
989,LEM,2,1,MTNMT,N,PT,TP,2,PUR,2NB,1.0,2,2
990,LEM,2,1,MTNMT,N,PT,TP,2,PUR,2NC,1.0,2,2
991,LEM,2,1,MTNMT,N,PT,TP,2,PUR,2ND,1.0,2,2
1000,LEM,2,1,TERMO,N,PT,TP,2,PAA,2NA,1.0,2,2
1001,LEM,2,1,TERMO,N,PT,TP,2,PAA,2NB,1.0,2,2
1002,LEM,2,1,TERMO,N,PT,TP,2,ARJ,2NC,1.0,2,2
1003,LEM,2,1,TERMO,N,PT,TP,2,ARJ,2ND,1.0,2,2
226,LEM,2,1,EMELE,D,PT,T,1,ATA,2DG,1.0,1,2
227,LEM,2,1,EMELE,D,PT,T,1,ATA,2DH,1.0,1,2
228,LEM,2,1,EMELE,D,PT,T,1,ATA,2DI,1.0,1,2
239,LEM,2,1,MATE2,D,PT,T,1,ASB,2DB,1.0,1,2
241,LEM,2,1,MATE2,D,PT,T,1,ASB,2DD,1.0,1,2
242,LEM,2,1,MATE2,D,PT,T,1,ASB,2DE,1.0,1,2
243,LEM,2,1,MATE2,D,PT,T,1,ASB,2DF,1.0,1,2
244,LEM,2,1,MATE2,D,PT,T,1,ASB,2DG,1.0,1,2
245,LEM,2,1,MATE2,D,PT,T,1,ASB,2DH,1.0,1,2
246,LEM,2,1,MATE2,D,PT,T,1,ASB,2DI,1.0,1,2
247,LEM,2,1,MATE2,D,PT,T,1,ASB,2DA,1.0,1,2
248,LEM,2,1,MATE2,D,PT,T,1,ASB,2DB,1.0,1,2
249,LEM,2,1,MATE2,D,PT,T,1,ASB,2DC,1.0,1,2
250,LEM,2,1,MATE2,D,PT,T,1,ASB,2DD,1.0,1,2
251,LEM,2,1,MATE2,D,PT,T,1,ASB,2DE,1.0,1,2
252,LEM,2,1,MATE2,D,PT,T,1,ASB,2DF,1.0,1,2
253,LEM,2,1,MATE2,D,PT,T,1,ASB,2DG,1.0,1,2
254,LEM,2,1,MATE2,D,PT,T,1,ASB,2DH,1.0,1,2
255,LEM,2,1,MATE2,D,PT,T,1,ASB,2DI,1.0,1,2
271,LEM,2,1,MECA2,D,PT,T,1,JFJ,2DG,1.0,1,2
274,LEM,2,1,MECA2,D,PT,T,1,JFJ,2DA,1.0,1,2
275,LEM,2,1,MECA2,D,PT,T,1,JFJ,2DB,1.0,1,2
276,LEM,2,1,MECA2,D,PT,T,1,JFJ,2DC,1.0,1,2
277,LEM,2,1,MECA2,D,PT,T,1,JFJ,2DD,1.0,1,2
278,LEM,2,1,MECA2,D,PT,T,1,JFJ,2DE,1.0,1,2
279,LEM,2,1,MECA2,D,PT,T,1,JFJ,2DF,1.0,1,2
280,LEM,2,1,MECA2,D,PT,T,1,JFJ,2DG,1.0,1,2
281,LEM,2,1,MECA2,D,PT,T,1,JFJ,2DH,1.0,1,2
282,LEM,2,1,MECA2,D,PT,T,1,JFJ,2DI,1.0,1,2
292,LEM,2,1,MTNMT,D,PT,T,1,MDC,2DA,1.0,1,2
297,LEM,2,1,MTNMT,D,PT,T,1,MDC,2DF,1.0,1,2
301,LEM,2,1,MTNMT,D,PT,T,1,MDC,2DA,1.0,1,2
302,LEM,2,1,MTNMT,D,PT,T,1,MDC,2DB,1.0,1,2
303,LEM,2,1,MTNMT,D,PT,T,1,MDC,2DC,1.0,1,2
304,LEM,2,1,MTNMT,D,PT,T,1,MDC,2DD,1.0,1,2
305,LEM,2,1,MTNMT,D,PT,T,1,MDC,2DE,1.0,1,2
306,LEM,2,1,MTNMT,D,PT,T,1,MDC,2DF,1.0,1,2
307,LEM,2,1,MTNMT,D,PT,T,1,MDC,2DG,1.0,1,2
308,LEM,2,1,MTNMT,D,PT,T,1,MDC,2DH,1.0,1,2
309,LEM,2,1,MTNMT,D,PT,T,1,MDC,2DI,1.0,1,2
319,LEM,2,1,TERMO,D,PT,T,1,MIC,2DA,1.0,1,2
320,LEM,2,1,TERMO,D,PT,T,1,MIC,2DB,1.0,1,2
323,LEM,2,1,TERMO,D,PT,T,1,MIC,2DE,1.0,1,2
326,LEM,2,1,TERMO,D,PT,T,1,MIC,2DH,1.0,1,2
327,LEM,2,1,TERMO,D,PT,T,1,MIC,2DI,1.0,1,2
328,LEM,2,1,TERMO,D,PT,T,1,MIC,2DA,1.0,1,2
329,LEM,2,1,TERMO,D,PT,T,1,MIC,2DB,1.0,1,2
330,LEM,2,1,TERMO,D,PT,T,1,MIC,2DC,1.0,1,2
331,LEM,2,1,TERMO,D,PT,T,1,MIC,2DD,1.0,1,2
332,LEM,2,1,TERMO,D,PT,T,1,MIC,2DE,1.0,1,2
333,LEM,2,1,TERMO,D,PT,T,1,MIC,2DF,1.0,1,2
334,LEM,2,1,TERMO,D,PT,T,1,MIC,2DG,1.0,1,2
335,LEM,2,1,TERMO,D,PT,T,1,MIC,2DH,1.0,1,2
336,LEM,2,1,TERMO,D,PT,T,1,MIC,2DI,1.0,1,2
350,LEM,2,1,EMELE,N,PT,T,1,ATA,2NA,1.0,1,2
351,LEM,2,1,EMELE,N,PT,T,1,ATA,2NB,1.0,1,2
352,LEM,2,1,EMELE,N,PT,T,1,ATA,2NC,1.0,1,2
353,LEM,2,1,EMELE,N,PT,T,1,ATA,2ND,1.0,1,2
358,LEM,2,1,MATE2,N,PT,T,1,ASB,2NA,1.0,1,2
359,LEM,2,1,MATE2,N,PT,T,1,ASB,2NB,1.0,1,2
360,LEM,2,1,MATE2,N,PT,T,1,ASB,2NC,1.0,1,2
361,LEM,2,1,MATE2,N,PT,T,1,ASB,2ND,1.0,1,2
362,LEM,2,1,MATE2,N,PT,T,1,ASB,2NA,1.0,1,2
363,LEM,2,1,MATE2,N,PT,T,1,ASB,2NB,1.0,1,2
364,LEM,2,1,MATE2,N,PT,T,1,ASB,2NC,1.0,1,2
365,LEM,2,1,MATE2,N,PT,T,1,ASB,2ND,1.0,1,2
370,LEM,2,1,MECA2,N,PT,T,1,JFJ,2NA,1.0,1,2
371,LEM,2,1,MECA2,N,PT,T,1,JFJ,2NB,1.0,1,2
372,LEM,2,1,MECA2,N,PT,T,1,JFJ,2NC,1.0,1,2
373,LEM,2,1,MECA2,N,PT,T,1,JFJ,2ND,1.0,1,2
374,LEM,2,1,MECA2,N,PT,T,1,JFJ,2NA,1.0,1,2
375,LEM,2,1,MECA2,N,PT,T,1,JFJ,2NB,1.0,1,2
376,LEM,2,1,MECA2,N,PT,T,1,JFJ,2NC,1.0,1,2
377,LEM,2,1,MECA2,N,PT,T,1,JFJ,2ND,1.0,1,2
382,LEM,2,1,MTNMT,N,PT,T,1,MDC,2NA,1.0,1,2
383,LEM,2,1,MTNMT,N,PT,T,1,MDC,2NB,1.0,1,2
384,LEM,2,1,MTNMT,N,PT,T,1,MDC,2NC,1.0,1,2
385,LEM,2,1,MTNMT,N,PT,T,1,MDC,2ND,1.0,1,2
386,LEM,2,1,MTNMT,N,PT,T,1,MDC,2NA,1.0,1,2
387,LEM,2,1,MTNMT,N,PT,T,1,MDC,2NB,1.0,1,2
388,LEM,2,1,MTNMT,N,PT,T,1,MDC,2NC,1.0,1,2
389,LEM,2,1,MTNMT,N,PT,T,1,MDC,2ND,1.0,1,2
394,LEM,2,1,TERMO,N,PT,T,1,MIC,2NA,1.0,1,2
395,LEM,2,1,TERMO,N,PT,T,1,MIC,2NB,1.0,1,2
396,LEM,2,1,TERMO,N,PT,T,1,MIC,2NC,1.0,1,2
397,LEM,2,1,TERMO,N,PT,T,1,MIC,2ND,1.0,1,2
398,LEM,2,1,TERMO,N,PT,T,1,MIC,2NA,1.0,1,2
399,LEM,2,1,TERMO,N,PT,T,1,MIC,2NB,1.0,1,2
400,LEM,2,1,TERMO,N,PT,T,1,MIC,2NC,1.0,1,2
401,LEM,2,1,TERMO,N,PT,T,1,MIC,2ND,1.0,1,2
818,LEM,2,1,EMELE,D,PT,T,1,ATA,2DA,1.0,1,2
819,LEM,2,1,EMELE,D,PT,T,1,ATA,2DB,1.0,1,2
820,LEM,2,1,EMELE,D,PT,T,1,ATA,2DC,1.0,1,2
821,LEM,2,1,EMELE,D,PT,T,1,ATA,2DD,1.0,1,2
822,LEM,2,1,EMELE,D,PT,T,1,ATA,2DE,1.0,1,2
823,LEM,2,1,EMELE,D,PT,T,1,ATA,2DF,1.0,1,2
824,LEM,2,1,EMELE,D,PT,T,1,ATA,2DG,1.0,1,2
825,LEM,2,1,EMELE,D,PT,T,1,ATA,2DH,1.0,1,2
826,LEM,2,1,EMELE,D,PT,T,1,ATA,2DI,1.0,1,2
836,LEM,2,1,MATE2,D,PT,T,1,ASB,2DA,1.0,1,2
837,LEM,2,1,MATE2,D,PT,T,1,ASB,2DB,1.0,1,2
838,LEM,2,1,MATE2,D,PT,T,1,ASB,2DC,1.0,1,2
839,LEM,2,1,MATE2,D,PT,T,1,ASB,2DD,1.0,1,2
840,LEM,2,1,MATE2,D,PT,T,1,ASB,2DE,1.0,1,2
841,LEM,2,1,MATE2,D,PT,T,1,ASB,2DF,1.0,1,2
842,LEM,2,1,MATE2,D,PT,T,1,ASB,2DG,1.0,1,2
843,LEM,2,1,MATE2,D,PT,T,1,ASB,2DH,1.0,1,2
844,LEM,2,1,MATE2,D,PT,T,1,ASB,2DI,1.0,1,2
845,LEM,2,1,MATE2,D,PT,T,1,ASB,2DA,1.0,1,2
846,LEM,2,1,MATE2,D,PT,T,1,ASB,2DB,1.0,1,2
847,LEM,2,1,MATE2,D,PT,T,1,ASB,2DC,1.0,1,2
848,LEM,2,1,MATE2,D,PT,T,1,ASB,2DD,1.0,1,2
849,LEM,2,1,MATE2,D,PT,T,1,ASB,2DE,1.0,1,2
850,LEM,2,1,MATE2,D,PT,T,1,ASB,2DF,1.0,1,2
851,LEM,2,1,MATE2,D,PT,T,1,ASB,2DG,1.0,1,2
852,LEM,2,1,MATE2,D,PT,T,1,ASB,2DH,1.0,1,2
853,LEM,2,1,MATE2,D,PT,T,1,ASB,2DI,1.0,1,2
863,LEM,2,1,MECA2,D,PT,T,1,JFJ,2DA,1.0,1,2
864,LEM,2,1,MECA2,D,PT,T,1,JFJ,2DB,1.0,1,2
865,LEM,2,1,MECA2,D,PT,T,1,JFJ,2DC,1.0,1,2
866,LEM,2,1,MECA2,D,PT,T,1,JFJ,2DD,1.0,1,2
867,LEM,2,1,MECA2,D,PT,T,1,JFJ,2DE,1.0,1,2
868,LEM,2,1,MECA2,D,PT,T,1,JFJ,2DF,1.0,1,2
869,LEM,2,1,MECA2,D,PT,T,1,JFJ,2DG,1.0,1,2
870,LEM,2,1,MECA2,D,PT,T,1,JFJ,2DH,1.0,1,2
871,LEM,2,1,MECA2,D,PT,T,1,JFJ,2DI,1.0,1,2
872,LEM,2,1,MECA2,D,PT,T,1,JFJ,2DA,1.0,1,2
873,LEM,2,1,MECA2,D,PT,T,1,JFJ,2DB,1.0,1,2
874,LEM,2,1,MECA2,D,PT,T,1,JFJ,2DC,1.0,1,2
875,LEM,2,1,MECA2,D,PT,T,1,JFJ,2DD,1.0,1,2
876,LEM,2,1,MECA2,D,PT,T,1,JFJ,2DE,1.0,1,2
877,LEM,2,1,MECA2,D,PT,T,1,JFJ,2DF,1.0,1,2
878,LEM,2,1,MECA2,D,PT,T,1,JFJ,2DG,1.0,1,2
879,LEM,2,1,MECA2,D,PT,T,1,JFJ,2DH,1.0,1,2
880,LEM,2,1,MECA2,D,PT,T,1,JFJ,2DI,1.0,1,2
890,LEM,2,1,MTNMT,D,PT,T,1,MDC,2DA,1.0,1,2
891,LEM,2,1,MTNMT,D,PT,T,1,MDC,2DB,1.0,1,2
892,LEM,2,1,MTNMT,D,PT,T,1,MDC,2DC,1.0,1,2
893,LEM,2,1,MTNMT,D,PT,T,1,MDC,2DD,1.0,1,2
894,LEM,2,1,MTNMT,D,PT,T,1,MDC,2DE,1.0,1,2
895,LEM,2,1,MTNMT,D,PT,T,1,MDC,2DF,1.0,1,2
896,LEM,2,1,MTNMT,D,PT,T,1,MDC,2DG,1.0,1,2
897,LEM,2,1,MTNMT,D,PT,T,1,MDC,2DH,1.0,1,2
898,LEM,2,1,MTNMT,D,PT,T,1,MDC,2DI,1.0,1,2
899,LEM,2,1,MTNMT,D,PT,T,1,MDC,2DA,1.0,1,2
900,LEM,2,1,MTNMT,D,PT,T,1,MDC,2DB,1.0,1,2
901,LEM,2,1,MTNMT,D,PT,T,1,MDC,2DC,1.0,1,2
902,LEM,2,1,MTNMT,D,PT,T,1,MDC,2DD,1.0,1,2
903,LEM,2,1,MTNMT,D,PT,T,1,MDC,2DE,1.0,1,2
904,LEM,2,1,MTNMT,D,PT,T,1,MDC,2DF,1.0,1,2
905,LEM,2,1,MTNMT,D,PT,T,1,MDC,2DG,1.0,1,2
906,LEM,2,1,MTNMT,D,PT,T,1,MDC,2DH,1.0,1,2
907,LEM,2,1,MTNMT,D,PT,T,1,MDC,2DI,1.0,1,2
917,LEM,2,1,TERMO,D,PT,T,1,MIC,2DA,1.0,1,2
918,LEM,2,1,TERMO,D,PT,T,1,MIC,2DB,1.0,1,2
919,LEM,2,1,TERMO,D,PT,T,1,MIC,2DC,1.0,1,2
920,LEM,2,1,TERMO,D,PT,T,1,MIC,2DD,1.0,1,2
921,LEM,2,1,TERMO,D,PT,T,1,MIC,2DE,1.0,1,2
922,LEM,2,1,TERMO,D,PT,T,1,MIC,2DF,1.0,1,2
923,LEM,2,1,TERMO,D,PT,T,1,MIC,2DG,1.0,1,2
924,LEM,2,1,TERMO,D,PT,T,1,MIC,2DH,1.0,1,2
925,LEM,2,1,TERMO,D,PT,T,1,MIC,2DI,1.0,1,2
926,LEM,2,1,TERMO,D,PT,T,1,MIC,2DA,1.0,1,2
927,LEM,2,1,TERMO,D,PT,T,1,MIC,2DB,1.0,1,2
928,LEM,2,1,TERMO,D,PT,T,1,MIC,2DC,1.0,1,2
929,LEM,2,1,TERMO,D,PT,T,1,MIC,2DD,1.0,1,2
930,LEM,2,1,TERMO,D,PT,T,1,MIC,2DE,1.0,1,2
931,LEM,2,1,TERMO,D,PT,T,1,MIC,2DF,1.0,1,2
932,LEM,2,1,TERMO,D,PT,T,1,MIC,2DG,1.0,1,2
933,LEM,2,1,TERMO,D,PT,T,1,MIC,2DH,1.0,1,2
934,LEM,2,1,TERMO,D,PT,T,1,MIC,2DI,1.0,1,2
948,LEM,2,1,EMELE,N,PT,T,1,ATA,2NA,1.0,1,2
949,LEM,2,1,EMELE,N,PT,T,1,ATA,2NB,1.0,1,2
950,LEM,2,1,EMELE,N,PT,T,1,ATA,2NC,1.0,1,2
951,LEM,2,1,EMELE,N,PT,T,1,ATA,2ND,1.0,1,2
956,LEM,2,1,MATE2,N,PT,T,1,ASB,2NA,1.0,1,2
957,LEM,2,1,MATE2,N,PT,T,1,ASB,2NB,1.0,1,2
958,LEM,2,1,MATE2,N,PT,T,1,ASB,2NC,1.0,1,2
959,LEM,2,1,MATE2,N,PT,T,1,ASB,2ND,1.0,1,2
960,LEM,2,1,MATE2,N,PT,T,1,ASB,2NA,1.0,1,2
961,LEM,2,1,MATE2,N,PT,T,1,ASB,2NB,1.0,1,2
962,LEM,2,1,MATE2,N,PT,T,1,ASB,2NC,1.0,1,2
963,LEM,2,1,MATE2,N,PT,T,1,ASB,2ND,1.0,1,2
968,LEM,2,1,MECA2,N,PT,T,1,JFJ,2NA,1.0,1,2
969,LEM,2,1,MECA2,N,PT,T,1,JFJ,2NB,1.0,1,2
970,LEM,2,1,MECA2,N,PT,T,1,JFJ,2NC,1.0,1,2
971,LEM,2,1,MECA2,N,PT,T,1,JFJ,2ND,1.0,1,2
972,LEM,2,1,MECA2,N,PT,T,1,JFJ,2NA,1.0,1,2
973,LEM,2,1,MECA2,N,PT,T,1,JFJ,2NB,1.0,1,2
974,LEM,2,1,MECA2,N,PT,T,1,JFJ,2NC,1.0,1,2
975,LEM,2,1,MECA2,N,PT,T,1,JFJ,2ND,1.0,1,2
980,LEM,2,1,MTNMT,N,PT,T,1,MDC,2NA,1.0,1,2
981,LEM,2,1,MTNMT,N,PT,T,1,MDC,2NB,1.0,1,2
982,LEM,2,1,MTNMT,N,PT,T,1,MDC,2NC,1.0,1,2
983,LEM,2,1,MTNMT,N,PT,T,1,MDC,2ND,1.0,1,2
984,LEM,2,1,MTNMT,N,PT,T,1,MDC,2NA,1.0,1,2
985,LEM,2,1,MTNMT,N,PT,T,1,MDC,2NB,1.0,1,2
986,LEM,2,1,MTNMT,N,PT,T,1,MDC,2NC,1.0,1,2
987,LEM,2,1,MTNMT,N,PT,T,1,MDC,2ND,1.0,1,2
992,LEM,2,1,TERMO,N,PT,T,1,MIC,2NA,1.0,1,2
993,LEM,2,1,TERMO,N,PT,T,1,MIC,2NB,1.0,1,2
994,LEM,2,1,TERMO,N,PT,T,1,MIC,2NC,1.0,1,2
995,LEM,2,1,TERMO,N,PT,T,1,MIC,2ND,1.0,1,2
996,LEM,2,1,TERMO,N,PT,T,1,MIC,2NA,1.0,1,2
997,LEM,2,1,TERMO,N,PT,T,1,MIC,2NB,1.0,1,2
998,LEM,2,1,TERMO,N,PT,T,1,MIC,2NC,1.0,1,2
999,LEM,2,1,TERMO,N,PT,T,1,MIC,2ND,1.0,1,2
